<?xml version="1.0"?>
<!DOCTYPE hibernate-mapping PUBLIC 
	"-//Hibernate/Hibernate Mapping DTD 3.0//EN"
	"http://www.hibernate.org/dtd/hibernate-mapping-3.0.dtd">
<hibernate-mapping package="cn.itcast.cartoon.user.domain">
	<class name="User" table="user">
		<id name="uid">
			<generator class="native"></generator>
		</id>
		<property name="username"></property>
		<property name="password"></property>
		<property name="email"></property>
		<property name="state"></property>
		<set name="collections">
		<key column="uid"></key>
		<one-to-many class="cn.itcast.cartoon.collection.domain.Collection"/>
		</set>
	</class>
</hibernate-mapping>