<?xml version="1.0"?>
<!DOCTYPE hibernate-mapping PUBLIC 
	"-//Hibernate/Hibernate Mapping DTD 3.0//EN"
	"http://www.hibernate.org/dtd/hibernate-mapping-3.0.dtd">
<hibernate-mapping package="cn.itcast.cartoon.category.domain">
	<class name="Category" table="category">
		<id name="cid">
			<generator class="native"></generator>
		</id>
		<property name="cname"></property>
		<set name="categorySeconds">
		<key column="cid"></key>
		<one-to-many class="cn.itcast.cartoon.categorysecond.domain.CategorySecond"/>
		</set>
	</class>
</hibernate-mapping>